date,accident_count,weather_condition,road_delineation,road_direction,road_type,weekday,month,day
2022-01-01,164,1.9024390243902443,5.439024390243902,0.524390243902439,1.1646341463414636,5,1,1
2022-01-02,209,1.9569377990430623,5.4784688995215305,0.5454545454545454,1.0191387559808613,6,1,2
2022-01-03,193,2.2487046632124352,5.290155440414508,0.5129533678756477,1.0,0,1,3
2022-01-04,140,1.9928571428571429,5.2142857142857135,0.5142857142857142,1.1571428571428573,1,1,4
2022-01-05,151,2.6556291390728477,5.211920529801325,0.5761589403973509,1.0463576158940397,2,1,5
2022-01-06,159,2.5031446540880506,5.207547169811321,0.5723270440251572,1.0440251572327044,3,1,6
2022-01-07,159,3.0125786163522013,5.358490566037736,0.5786163522012578,1.0628930817610063,4,1,7
2022-01-08,196,2.362244897959184,5.428571428571428,0.6020408163265306,1.0510204081632653,5,1,8
2022-01-09,187,2.2994652406417115,5.411764705882352,0.5133689839572193,1.1711229946524064,6,1,9
2022-01-10,152,2.6776315789473686,5.355263157894737,0.5263157894736842,1.0394736842105263,0,1,10
2022-01-11,107,1.7943925233644857,5.22429906542056,0.5420560747663551,1.158878504672897,1,1,11
2022-01-12,126,1.4444444444444444,5.611111111111112,0.5158730158730159,1.0317460317460316,2,1,12
2022-01-13,150,1.58,5.346666666666667,0.5733333333333334,1.0733333333333333,3,1,13
2022-01-14,175,1.64,5.702857142857144,0.5428571428571429,1.0171428571428571,4,1,14
2022-01-15,203,1.58128078817734,5.551724137931035,0.5615763546798029,1.1527093596059113,5,1,15
2022-01-16,205,1.4487804878048782,5.600000000000001,0.5414634146341464,1.2000000000000002,6,1,16
2022-01-17,174,2.005747126436782,5.3678160919540225,0.632183908045977,1.149425287356322,0,1,17
2022-01-18,151,1.5364238410596025,5.556291390728476,0.5960264900662252,1.0529801324503312,1,1,18
2022-01-19,137,1.510948905109489,5.613138686131387,0.5255474452554745,1.1240875912408759,2,1,19
2022-01-20,147,1.9115646258503403,5.91156462585034,0.5578231292517006,1.034013605442177,3,1,20
2022-01-21,160,1.0875,5.687500000000001,0.6125,1.1125,4,1,21
2022-01-22,205,1.3414634146341464,5.609756097560977,0.5219512195121951,1.2097560975609758,5,1,22
2022-01-23,196,0.8826530612244897,5.367346938775511,0.5663265306122449,1.153061224489796,6,1,23
2022-01-24,131,1.4656488549618323,5.595419847328245,0.5267175572519084,1.0229007633587786,0,1,24
2022-01-25,135,1.2,5.614814814814815,0.5259259259259259,1.1259259259259258,1,1,25
2022-01-26,133,2.3759398496240602,5.503759398496241,0.5338345864661654,1.037593984962406,2,1,26
2022-01-27,141,2.3829787234042556,5.609929078014185,0.5673758865248227,1.0567375886524821,3,1,27
2022-01-28,184,2.668478260869565,5.228260869565216,0.5,1.048913043478261,4,1,28
2022-01-29,163,2.2760736196319016,5.1288343558282214,0.5950920245398773,1.0674846625766872,5,1,29
2022-01-30,169,2.118343195266272,5.307692307692308,0.5384615384615384,1.047337278106509,6,1,30
2022-01-31,145,2.124137931034482,5.758620689655173,0.5379310344827586,1.0275862068965518,0,1,31
2022-02-01,121,1.5123966942148759,5.206611570247933,0.5289256198347108,0.9421487603305785,1,2,1
2022-02-02,133,1.6090225563909775,5.744360902255639,0.5488721804511278,1.1428571428571428,2,2,2
2022-02-03,129,1.7906976744186045,5.550387596899225,0.5038759689922481,1.1317829457364341,3,2,3
2022-02-04,183,2.081967213114754,5.333333333333333,0.5191256830601093,1.098360655737705,4,2,4
2022-02-05,213,1.8779342723004695,5.394366197183099,0.5446009389671361,0.971830985915493,5,2,5
2022-02-06,213,1.3098591549295775,5.408450704225352,0.5446009389671361,1.1032863849765258,6,2,6
2022-02-07,189,2.074074074074074,5.46031746031746,0.5555555555555556,1.0793650793650793,0,2,7
2022-02-08,148,1.7635135135135134,5.493243243243243,0.6148648648648649,0.9054054054054054,1,2,8
2022-02-09,143,1.7902097902097904,5.783216783216783,0.5664335664335665,1.0769230769230769,2,2,9
2022-02-10,134,1.5970149253731343,5.6044776119402995,0.6268656716417911,1.1343283582089552,3,2,10
2022-02-11,187,1.3101604278074868,5.684491978609626,0.5347593582887701,1.0641711229946524,4,2,11
2022-02-12,249,1.7469879518072289,5.5582329317269075,0.5903614457831325,1.0240963855421688,5,2,12
2022-02-13,221,1.2850678733031675,5.583710407239819,0.6199095022624435,1.0588235294117647,6,2,13
2022-02-14,156,1.5256410256410258,5.576923076923077,0.5641025641025641,1.1217948717948718,0,2,14
2022-02-15,138,1.5072463768115945,5.608695652173913,0.5507246376811594,1.181159420289855,1,2,15
2022-02-16,141,1.7163120567375887,5.446808510638299,0.5106382978723404,0.9929078014184397,2,2,16
2022-02-17,143,1.7692307692307694,5.6223776223776225,0.5104895104895105,0.9720279720279721,3,2,17
2022-02-18,165,1.909090909090909,5.903030303030302,0.4909090909090909,1.0545454545454547,4,2,18
2022-02-19,202,1.717821782178218,5.55940594059406,0.5841584158415841,1.108910891089109,5,2,19
2022-02-20,208,1.4471153846153846,5.509615384615384,0.5576923076923077,1.1923076923076923,6,2,20
2022-02-21,174,1.9310344827586208,5.78735632183908,0.5689655172413793,1.0459770114942528,0,2,21
2022-02-22,134,1.791044776119403,5.634328358208955,0.5447761194029851,0.9477611940298507,1,2,22
2022-02-23,148,1.5405405405405406,5.7094594594594605,0.5135135135135136,1.0472972972972974,2,2,23
2022-02-24,150,1.1600000000000001,5.473333333333333,0.6,1.0066666666666668,3,2,24
2022-02-25,220,1.4,5.995454545454546,0.5772727272727273,1.0772727272727274,4,2,25
2022-02-26,241,1.2240663900414936,5.468879668049793,0.49377593360995853,1.049792531120332,5,2,26
2022-02-27,227,0.8237885462555067,5.6211453744493385,0.5374449339207048,1.2158590308370043,6,2,27
2022-02-28,156,1.4871794871794872,5.7243589743589745,0.48717948717948717,1.0128205128205128,0,2,28
2022-03-01,163,1.6625766871165641,5.564417177914111,0.588957055214724,0.9938650306748466,1,3,1
2022-03-02,153,1.418300653594771,5.54248366013072,0.5228758169934641,1.0326797385620914,2,3,2
2022-03-03,194,1.6030927835051547,5.6701030927835046,0.5927835051546392,1.1134020618556701,3,3,3
2022-03-04,156,1.6025641025641026,5.7564102564102555,0.6025641025641025,0.9935897435897435,4,3,4
2022-03-05,207,1.6811594202898548,5.589371980676329,0.5458937198067634,1.0241545893719806,5,3,5
2022-03-06,193,1.6787564766839378,5.8031088082901565,0.48704663212435234,1.2642487046632125,6,3,6
2022-03-07,152,1.4473684210526316,5.526315789473684,0.5460526315789475,1.2236842105263157,0,3,7
2022-03-08,158,1.4746835443037978,5.575949367088609,0.5506329113924051,1.0126582278481013,1,3,8
2022-03-09,164,1.524390243902439,5.5,0.5182926829268293,1.2195121951219512,2,3,9
2022-03-10,141,1.9929078014184398,5.546099290780142,0.574468085106383,1.1418439716312057,3,3,10
2022-03-11,193,1.968911917098446,5.621761658031087,0.6580310880829016,1.2020725388601037,4,3,11
2022-03-12,214,1.9672897196261683,5.5140186915887845,0.5280373831775701,1.0186915887850467,5,3,12
2022-03-13,217,2.1705069124423964,5.603686635944701,0.5576036866359447,1.1198156682027651,6,3,13
2022-03-14,183,1.9234972677595628,5.612021857923497,0.5191256830601093,1.087431693989071,0,3,14
2022-03-15,147,1.8707482993197282,5.6802721088435355,0.5510204081632654,1.129251700680272,1,3,15
2022-03-16,131,1.8244274809160306,5.656488549618321,0.6183206106870229,1.0763358778625953,2,3,16
2022-03-17,130,1.3,5.66923076923077,0.4461538461538462,1.1923076923076923,3,3,17
2022-03-18,181,1.4806629834254144,5.54696132596685,0.569060773480663,0.9668508287292817,4,3,18
2022-03-19,211,1.255924170616114,5.691943127962085,0.5402843601895735,1.0710900473933649,5,3,19
2022-03-20,187,1.7165775401069518,5.550802139037433,0.48663101604278075,0.9732620320855615,6,3,20
2022-03-21,158,1.9556962025316458,5.500000000000002,0.5506329113924051,0.9683544303797469,0,3,21
2022-03-22,120,1.4166666666666665,5.533333333333333,0.6333333333333334,1.1083333333333334,1,3,22
2022-03-23,133,1.781954887218045,5.924812030075188,0.518796992481203,1.045112781954887,2,3,23
2022-03-24,155,2.0838709677419356,5.703225806451613,0.5741935483870968,1.0129032258064516,3,3,24
2022-03-25,175,1.4285714285714286,5.582857142857144,0.5371428571428571,0.9828571428571429,4,3,25
2022-03-26,201,1.4328358208955223,5.422885572139302,0.5671641791044776,1.1393034825870645,5,3,26
2022-03-27,185,1.3945945945945946,5.621621621621621,0.4486486486486487,1.0270270270270272,6,3,27
2022-03-28,167,1.8023952095808382,5.568862275449102,0.5389221556886228,1.0179640718562875,0,3,28
2022-03-29,115,1.2347826086956522,5.782608695652174,0.5739130434782609,1.0434782608695652,1,3,29
2022-03-30,136,1.5808823529411766,5.448529411764706,0.47794117647058826,1.1176470588235294,2,3,30
2022-03-31,153,1.9607843137254906,5.627450980392158,0.5947712418300654,1.2352941176470587,3,3,31
2022-04-01,185,1.7297297297297298,5.345945945945945,0.5675675675675675,1.1027027027027028,4,4,1
2022-04-02,212,1.6650943396226414,5.561320754716982,0.5377358490566038,1.099056603773585,5,4,2
2022-04-03,206,1.87378640776699,5.262135922330098,0.49029126213592233,1.0970873786407767,6,4,3
2022-04-04,154,1.8246753246753245,5.649350649350649,0.5064935064935064,1.0844155844155845,0,4,4
2022-04-05,148,1.1554054054054053,6.006756756756757,0.5608108108108109,1.0337837837837838,1,4,5
2022-04-06,160,0.86875,5.73125,0.6125,1.0125,2,4,6
2022-04-07,178,1.5224719101123596,5.617977528089888,0.5,1.044943820224719,3,4,7
2022-04-08,213,1.9389671361502345,5.582159624413146,0.596244131455399,1.1032863849765258,4,4,8
2022-04-09,220,1.5136363636363637,5.6090909090909085,0.5454545454545454,1.0272727272727273,5,4,9
2022-04-10,201,1.0348258706467661,5.8059701492537314,0.5124378109452736,1.18407960199005,6,4,10
2022-04-11,172,1.5348837209302326,5.5813953488372094,0.622093023255814,1.0174418604651163,0,4,11
2022-04-12,156,1.448717948717949,5.705128205128204,0.5576923076923077,1.0064102564102564,1,4,12
2022-04-13,191,1.4607329842931938,5.821989528795812,0.5445026178010471,1.1151832460732984,2,4,13
2022-04-14,202,1.415841584158416,5.405940594059407,0.5742574257425743,1.099009900990099,3,4,14
2022-04-15,136,1.2352941176470589,5.330882352941177,0.5,0.9558823529411764,4,4,15
2022-04-16,149,0.9731543624161073,5.704697986577182,0.5771812080536913,1.1476510067114094,5,4,16
2022-04-17,249,1.2971887550200802,5.57429718875502,0.57429718875502,1.1164658634538154,6,4,17
2022-04-18,190,1.1631578947368422,5.521052631578947,0.5052631578947369,1.1,0,4,18
2022-04-19,156,1.1987179487179487,5.717948717948717,0.5384615384615384,1.0897435897435899,1,4,19
2022-04-20,153,0.9738562091503268,5.620915032679739,0.5163398692810457,0.934640522875817,2,4,20
2022-04-21,150,1.1800000000000002,5.9333333333333345,0.5133333333333333,1.0266666666666666,3,4,21
2022-04-22,170,1.5647058823529414,5.329411764705882,0.48823529411764705,1.1705882352941177,4,4,22
2022-04-23,205,1.453658536585366,5.658536585365854,0.5463414634146342,1.1756097560975611,5,4,23
2022-04-24,211,1.071090047393365,5.5023696682464465,0.4976303317535545,1.1374407582938388,6,4,24
2022-04-25,179,1.7597765363128492,5.195530726256981,0.541899441340782,1.0167597765363128,0,4,25
2022-04-26,127,1.196850393700787,5.5984251968503935,0.5196850393700787,0.9685039370078741,1,4,26
2022-04-27,142,1.4788732394366195,5.887323943661972,0.5352112676056338,1.183098591549296,2,4,27
2022-04-28,138,1.6594202898550725,5.514492753623188,0.5507246376811594,1.108695652173913,3,4,28
2022-04-29,192,1.0677083333333333,5.807291666666668,0.578125,0.9947916666666666,4,4,29
2022-04-30,192,1.9947916666666665,5.588541666666666,0.5052083333333334,1.0729166666666667,5,4,30
2022-05-01,208,0.9182692307692307,5.307692307692309,0.5865384615384616,1.0144230769230769,6,5,1
2022-05-02,182,2.2362637362637363,5.461538461538462,0.5494505494505494,0.9835164835164835,0,5,2
2022-05-03,157,2.267515923566879,5.496815286624203,0.5414012738853503,1.0955414012738853,1,5,3
2022-05-04,141,2.0354609929078014,5.460992907801418,0.5602836879432624,0.9361702127659575,2,5,4
2022-05-05,154,1.2337662337662338,5.7272727272727275,0.5324675324675324,1.051948051948052,3,5,5
2022-05-06,176,1.1704545454545454,5.471590909090908,0.5965909090909091,1.0511363636363638,4,5,6
2022-05-07,208,0.9903846153846155,5.778846153846153,0.5384615384615384,1.1201923076923077,5,5,7
2022-05-08,210,0.9380952380952382,5.699999999999999,0.5047619047619047,1.2142857142857144,6,5,8
2022-05-09,178,1.0393258426966292,5.432584269662922,0.5842696629213483,1.050561797752809,0,5,9
2022-05-10,154,1.8181818181818181,5.941558441558441,0.5454545454545454,1.051948051948052,1,5,10
2022-05-11,157,1.1847133757961783,5.617834394904459,0.49044585987261147,1.0382165605095541,2,5,11
2022-05-12,161,1.0434782608695652,5.571428571428571,0.4906832298136646,1.105590062111801,3,5,12
2022-05-13,182,1.2307692307692308,5.917582417582418,0.4835164835164835,1.0384615384615385,4,5,13
2022-05-14,211,1.3507109004739337,5.620853080568722,0.5687203791469194,1.1042654028436019,5,5,14
2022-05-15,209,1.61244019138756,5.5741626794258385,0.5215311004784688,1.1722488038277512,6,5,15
2022-05-16,173,1.5895953757225432,5.445086705202313,0.5606936416184971,0.9075144508670521,0,5,16
2022-05-17,128,1.0625,5.8828125,0.5078125,1.03125,1,5,17
2022-05-18,126,1.0952380952380951,5.261904761904761,0.5952380952380952,1.2142857142857142,2,5,18
2022-05-19,140,1.1928571428571428,5.7,0.5071428571428571,1.0571428571428572,3,5,19
2022-05-20,185,1.302702702702703,5.735135135135136,0.5027027027027027,0.9351351351351351,4,5,20
2022-05-21,196,0.6530612244897959,5.744897959183674,0.4897959183673469,1.1173469387755102,5,5,21
2022-05-22,195,0.8666666666666666,5.574358974358975,0.5743589743589743,1.1538461538461537,6,5,22
2022-05-23,170,0.9176470588235294,5.494117647058824,0.5117647058823529,0.9823529411764705,0,5,23
2022-05-24,155,1.2,5.92258064516129,0.5225806451612903,0.9870967741935485,1,5,24
2022-05-25,181,1.3591160220994474,5.850828729281768,0.6408839779005524,1.1767955801104972,2,5,25
2022-05-26,152,1.3157894736842104,5.684210526315789,0.4934210526315789,0.9407894736842106,3,5,26
2022-05-27,190,1.594736842105263,5.705263157894737,0.4789473684210526,1.063157894736842,4,5,27
2022-05-28,201,1.3482587064676614,5.636815920398011,0.572139303482587,1.1691542288557215,5,5,28
2022-05-29,208,2.1153846153846154,5.533653846153846,0.5528846153846154,1.1201923076923077,6,5,29
2022-05-30,169,1.8284023668639053,5.502958579881657,0.47928994082840237,1.0769230769230769,0,5,30
2022-05-31,140,2.1499999999999995,5.557142857142857,0.5642857142857143,1.0357142857142856,1,5,31
2022-06-01,152,2.3684210526315788,5.526315789473684,0.5131578947368421,1.0526315789473684,2,6,1
2022-06-02,161,1.9813664596273293,5.521739130434783,0.5900621118012422,1.0434782608695652,3,6,2
2022-06-03,177,1.231638418079096,5.887005649717513,0.6214689265536724,1.152542372881356,4,6,3
2022-06-04,203,1.4187192118226601,5.620689655172413,0.5615763546798029,1.1625615763546797,5,6,4
2022-06-05,198,1.1969696969696968,5.378787878787879,0.5606060606060606,1.0909090909090908,6,6,5
2022-06-06,166,1.7650602409638556,5.6024096385542155,0.5,1.0421686746987953,0,6,6
2022-06-07,157,1.7197452229299361,5.254777070063694,0.47770700636942676,1.1146496815286624,1,6,7
2022-06-08,146,1.0753424657534245,5.965753424657534,0.5205479452054795,1.0684931506849316,2,6,8
2022-06-09,154,1.818181818181818,5.636363636363638,0.5844155844155844,1.1038961038961037,3,6,9
2022-06-10,181,1.7734806629834254,5.740331491712706,0.5635359116022098,1.165745856353591,4,6,10
2022-06-11,173,0.9942196531791908,5.393063583815028,0.5491329479768786,1.0809248554913293,5,6,11
2022-06-12,205,0.9756097560975611,5.785365853658538,0.5219512195121951,1.2097560975609758,6,6,12
2022-06-13,162,1.0123456790123455,5.561728395061729,0.4876543209876543,1.1604938271604939,0,6,13
2022-06-14,156,1.0192307692307692,5.660256410256411,0.5192307692307693,1.0897435897435896,1,6,14
2022-06-15,187,0.8074866310160428,5.727272727272727,0.5294117647058824,1.1497326203208558,2,6,15
2022-06-16,165,1.1696969696969697,5.527272727272727,0.4909090909090909,1.1333333333333333,3,6,16
2022-06-17,141,1.4113475177304964,5.8156028368794335,0.5319148936170213,1.1489361702127658,4,6,17
2022-06-18,205,0.7121951219512195,5.307317073170732,0.5170731707317073,1.1951219512195124,5,6,18
2022-06-19,203,1.0640394088669953,5.600985221674876,0.5221674876847291,1.2660098522167489,6,6,19
2022-06-20,187,1.2834224598930484,5.513368983957219,0.5614973262032086,1.0481283422459893,0,6,20
2022-06-21,156,1.3333333333333333,5.814102564102564,0.5961538461538461,0.9871794871794872,1,6,21
2022-06-22,164,1.5914634146341462,5.5060975609756095,0.6036585365853658,1.0121951219512195,2,6,22
2022-06-23,172,1.2616279069767442,5.796511627906976,0.5581395348837209,0.9941860465116279,3,6,23
2022-06-24,198,1.2323232323232323,5.88888888888889,0.5,1.1161616161616161,4,6,24
2022-06-25,162,1.1296296296296293,5.302469135802467,0.4506172839506173,1.1913580246913582,5,6,25
2022-06-26,200,1.305,5.549999999999999,0.52,1.06,6,6,26
2022-06-27,158,0.7594936708860759,5.481012658227848,0.6075949367088607,1.1265822784810127,0,6,27
2022-06-28,131,1.4045801526717558,5.496183206106871,0.5114503816793893,1.099236641221374,1,6,28
2022-06-29,147,1.3333333333333335,5.680272108843537,0.564625850340136,1.0680272108843538,2,6,29
2022-06-30,146,0.6095890410958904,5.513698630136986,0.4794520547945205,1.13013698630137,3,6,30
2022-07-01,190,1.0842105263157897,5.684210526315789,0.5789473684210527,1.0052631578947369,4,7,1
2022-07-02,211,1.0,5.872037914691942,0.5213270142180095,1.1516587677725119,5,7,2
2022-07-03,207,0.6328502415458936,5.821256038647343,0.46859903381642515,1.0579710144927537,6,7,3
2022-07-04,162,1.2098765432098766,5.32716049382716,0.5185185185185185,1.1358024691358026,0,7,4
2022-07-05,152,1.230263157894737,5.782894736842104,0.47368421052631576,1.0855263157894737,1,7,5
2022-07-06,161,0.8322981366459627,5.7267080745341605,0.5527950310559007,1.0434782608695652,2,7,6
2022-07-07,156,1.0064102564102564,5.621794871794871,0.5384615384615384,1.0961538461538463,3,7,7
2022-07-08,210,0.819047619047619,5.419047619047619,0.5761904761904761,1.0999999999999999,4,7,8
2022-07-09,221,1.090497737556561,5.714932126696832,0.5927601809954751,1.1764705882352942,5,7,9
2022-07-10,200,1.075,5.655,0.63,1.075,6,7,10
2022-07-11,169,0.9112426035502958,5.994082840236686,0.5325443786982248,1.1775147928994083,0,7,11
2022-07-12,145,1.186206896551724,5.4689655172413785,0.5310344827586206,1.0413793103448277,1,7,12
2022-07-13,145,0.889655172413793,5.475862068965517,0.4482758620689655,0.9655172413793103,2,7,13
2022-07-14,162,1.6481481481481481,5.777777777777777,0.6049382716049383,1.0493827160493827,3,7,14
2022-07-15,163,1.3803680981595092,5.914110429447853,0.5030674846625767,1.147239263803681,4,7,15
2022-07-16,204,1.2941176470588236,5.534313725490197,0.5294117647058824,1.0245098039215685,5,7,16
2022-07-17,224,1.1651785714285714,5.540178571428573,0.5535714285714285,1.2276785714285714,6,7,17
2022-07-18,151,1.596026490066225,5.6821192052980125,0.5298013245033113,1.0596026490066226,0,7,18
2022-07-19,139,0.6330935251798562,5.697841726618705,0.4892086330935252,1.143884892086331,1,7,19
2022-07-20,170,1.2470588235294118,5.511764705882354,0.48823529411764705,1.0235294117647058,2,7,20
2022-07-21,164,1.1707317073170733,5.951219512195121,0.5853658536585366,0.9695121951219512,3,7,21
2022-07-22,235,0.923404255319149,5.638297872340425,0.5872340425531914,1.0127659574468084,4,7,22
2022-07-23,199,1.0753768844221103,5.597989949748745,0.5125628140703518,1.0452261306532664,5,7,23
2022-07-24,260,0.7692307692307693,5.711538461538461,0.5307692307692308,1.15,6,7,24
2022-07-25,174,0.9022988505747126,5.718390804597701,0.5689655172413793,1.0632183908045978,0,7,25
2022-07-26,144,1.125,5.79861111111111,0.5625,0.9722222222222222,1,7,26
2022-07-27,166,1.1566265060240963,5.72289156626506,0.5542168674698795,0.9879518072289156,2,7,27
2022-07-28,145,0.9655172413793103,5.648275862068965,0.5724137931034483,0.993103448275862,3,7,28
2022-07-29,201,1.2587064676616913,5.572139303482587,0.5323383084577115,1.0248756218905473,4,7,29
2022-07-30,201,0.9701492537313433,5.572139303482587,0.582089552238806,1.0945273631840797,5,7,30
2022-07-31,226,0.5929203539823009,5.738938053097344,0.5575221238938053,1.0884955752212389,6,7,31
2022-08-01,165,1.2303030303030302,5.787878787878789,0.4727272727272727,1.0303030303030303,0,8,1
2022-08-02,145,1.1379310344827587,5.958620689655173,0.47586206896551725,1.103448275862069,1,8,2
2022-08-03,174,1.2126436781609198,5.614942528735634,0.5229885057471264,1.1149425287356323,2,8,3
2022-08-04,184,1.2989130434782608,5.766304347826086,0.5271739130434783,1.1467391304347827,3,8,4
2022-08-05,198,0.7979797979797979,5.414141414141414,0.5303030303030303,1.095959595959596,4,8,5
2022-08-06,229,1.6943231441048037,5.305676855895197,0.5633187772925764,1.1091703056768558,5,8,6
2022-08-07,204,2.1862745098039214,5.181372549019608,0.5539215686274509,1.088235294117647,6,8,7
2022-08-08,183,1.7814207650273226,5.469945355191256,0.5409836065573771,1.0,0,8,8
2022-08-09,154,2.512987012987013,5.688311688311688,0.6298701298701299,1.1558441558441557,1,8,9
2022-08-10,161,1.7826086956521738,5.546583850931676,0.5403726708074534,1.1490683229813665,2,8,10
2022-08-11,170,0.9352941176470589,5.529411764705882,0.5176470588235293,1.0882352941176472,3,8,11
2022-08-12,204,1.0245098039215688,5.549019607843138,0.5343137254901961,1.0441176470588234,4,8,12
2022-08-13,221,0.7647058823529411,5.918552036199094,0.5972850678733032,1.1357466063348416,5,8,13
2022-08-14,234,0.8162393162393162,5.542735042735043,0.547008547008547,1.0256410256410255,6,8,14
2022-08-15,179,1.106145251396648,5.770949720670391,0.5251396648044693,1.0614525139664803,0,8,15
2022-08-16,168,1.7857142857142858,5.613095238095237,0.5059523809523809,1.0238095238095237,1,8,16
2022-08-17,158,1.6518987341772151,5.550632911392404,0.5253164556962026,1.0569620253164558,2,8,17
2022-08-18,156,1.7307692307692308,5.57051282051282,0.4423076923076923,1.1025641025641026,3,8,18
2022-08-19,194,1.61340206185567,5.659793814432989,0.5463917525773195,1.1804123711340206,4,8,19
2022-08-20,184,1.266304347826087,5.271739130434781,0.5543478260869565,1.1304347826086958,5,8,20
2022-08-21,196,0.8877551020408163,5.510204081632653,0.5051020408163265,1.1581632653061225,6,8,21
2022-08-22,162,1.2469135802469133,5.679012345679012,0.537037037037037,0.9444444444444444,0,8,22
2022-08-23,156,1.3974358974358974,5.538461538461537,0.5897435897435898,1.1025641025641024,1,8,23
2022-08-24,145,1.0,5.36551724137931,0.5793103448275863,0.9793103448275862,2,8,24
2022-08-25,156,1.0384615384615383,5.7564102564102555,0.5961538461538461,0.9487179487179487,3,8,25
2022-08-26,215,0.7441860465116279,5.586046511627908,0.5441860465116278,1.0093023255813953,4,8,26
2022-08-27,196,1.1122448979591835,5.913265306122449,0.5306122448979592,1.1173469387755102,5,8,27
2022-08-28,216,1.5787037037037037,5.444444444444445,0.5509259259259259,1.1759259259259258,6,8,28
2022-08-29,185,1.372972972972973,5.583783783783783,0.5135135135135135,1.2540540540540541,0,8,29
2022-08-30,154,1.6298701298701297,5.487012987012987,0.5194805194805194,1.0844155844155843,1,8,30
2022-08-31,159,1.0062893081761006,5.710691823899371,0.5911949685534591,0.9182389937106918,2,8,31
2022-09-01,144,1.0694444444444444,5.604166666666667,0.5625,0.9791666666666667,3,9,1
2022-09-02,203,1.5467980295566506,5.738916256157635,0.5665024630541872,1.1379310344827587,4,9,2
2022-09-03,220,1.159090909090909,5.636363636363636,0.5409090909090909,1.0818181818181818,5,9,3
2022-09-04,230,1.0739130434782609,5.782608695652173,0.5304347826086956,1.2130434782608694,6,9,4
2022-09-05,169,1.0000000000000002,5.242603550295859,0.5088757396449703,1.059171597633136,0,9,5
2022-09-06,179,1.787709497206704,5.782122905027934,0.5921787709497207,0.9944134078212291,1,9,6
2022-09-07,161,1.2857142857142858,5.316770186335405,0.5590062111801243,1.0993788819875776,2,9,7
2022-09-08,165,1.0545454545454547,5.67878787878788,0.47878787878787876,1.018181818181818,3,9,8
2022-09-09,180,1.1277777777777775,5.96111111111111,0.5666666666666667,1.0777777777777777,4,9,9
2022-09-10,231,1.0909090909090908,5.683982683982684,0.46320346320346323,1.1255411255411256,5,9,10
2022-09-11,213,1.300469483568075,5.539906103286386,0.5868544600938967,1.15962441314554,6,9,11
2022-09-12,163,1.5276073619631902,5.257668711656441,0.588957055214724,1.0613496932515338,0,9,12
2022-09-13,150,1.1466666666666667,5.586666666666667,0.58,1.04,1,9,13
2022-09-14,162,1.641975308641975,5.814814814814814,0.5864197530864197,1.1296296296296295,2,9,14
2022-09-15,164,2.0,5.408536585365853,0.5304878048780488,1.103658536585366,3,9,15
2022-09-16,224,1.6919642857142858,5.504464285714286,0.5223214285714286,1.0267857142857142,4,9,16
2022-09-17,238,1.2983193277310925,5.394957983193277,0.5504201680672269,1.096638655462185,5,9,17
2022-09-18,238,0.8781512605042017,5.584033613445379,0.5294117647058824,1.1134453781512603,6,9,18
2022-09-19,151,2.0264900662251653,5.5033112582781465,0.6754966887417219,1.0198675496688743,0,9,19
2022-09-20,154,1.266233766233766,5.545454545454545,0.5324675324675324,1.025974025974026,1,9,20
2022-09-21,162,1.9012345679012344,5.851851851851851,0.5246913580246914,1.117283950617284,2,9,21
2022-09-22,184,1.6032608695652173,5.499999999999999,0.5760869565217391,1.1358695652173911,3,9,22
2022-09-23,178,0.6235955056179775,5.752808988764047,0.550561797752809,1.1348314606741572,4,9,23
2022-09-24,206,0.9757281553398057,5.747572815533982,0.5436893203883495,1.2864077669902911,5,9,24
2022-09-25,223,1.5739910313901344,5.448430493273543,0.5829596412556054,1.0852017937219731,6,9,25
2022-09-26,188,1.893617021276596,5.51595744680851,0.5797872340425532,1.0106382978723405,0,9,26
2022-09-27,170,1.8352941176470587,5.570588235294117,0.611764705882353,0.9588235294117646,1,9,27
2022-09-28,148,1.885135135135135,5.513513513513514,0.5743243243243243,1.1013513513513513,2,9,28
2022-09-29,150,1.4333333333333336,5.606666666666667,0.54,1.1600000000000001,3,9,29
2022-09-30,177,1.446327683615819,5.785310734463276,0.559322033898305,1.1468926553672316,4,9,30
2022-10-01,202,1.0198019801980198,5.7772277227722775,0.5495049504950495,1.1485148514851486,5,10,1
2022-10-02,202,1.4653465346534655,5.782178217821783,0.5544554455445545,1.193069306930693,6,10,2
2022-10-03,167,1.4670658682634734,5.491017964071856,0.5149700598802395,1.1137724550898205,0,10,3
2022-10-04,140,1.6785714285714286,5.585714285714285,0.4857142857142857,1.1928571428571428,1,10,4
2022-10-05,149,1.3087248322147653,5.422818791946308,0.5771812080536912,1.1476510067114094,2,10,5
2022-10-06,172,2.36046511627907,5.6104651162790695,0.5290697674418605,1.0406976744186047,3,10,6
2022-10-07,229,1.4716157205240177,5.541484716157204,0.6026200873362446,1.0698689956331877,4,10,7
2022-10-08,226,1.0530973451327432,5.946902654867256,0.5486725663716814,1.2079646017699115,5,10,8
2022-10-09,225,1.2844444444444445,5.568888888888889,0.5422222222222222,1.1333333333333333,6,10,9
2022-10-10,170,2.3470588235294114,5.488235294117648,0.5588235294117647,1.0705882352941176,0,10,10
2022-10-11,161,2.1055900621118013,5.807453416149068,0.5093167701863354,1.0807453416149069,1,10,11
2022-10-12,161,1.4906832298136645,5.490683229813666,0.5403726708074534,1.1304347826086956,2,10,12
2022-10-13,145,1.1931034482758622,5.710344827586208,0.5724137931034483,0.993103448275862,3,10,13
2022-10-14,191,1.8010471204188478,5.774869109947644,0.5863874345549738,1.130890052356021,4,10,14
2022-10-15,204,1.4852941176470589,5.431372549019608,0.5784313725490197,1.1372549019607843,5,10,15
2022-10-16,239,1.6652719665271967,5.502092050209205,0.497907949790795,1.104602510460251,6,10,16
2022-10-17,149,0.959731543624161,5.87248322147651,0.5369127516778524,1.087248322147651,0,10,17
2022-10-18,133,1.887218045112782,5.894736842105263,0.5413533834586466,1.0150375939849623,1,10,18
2022-10-19,160,1.35,5.1,0.63125,0.99375,2,10,19
2022-10-20,177,1.192090395480226,5.51412429378531,0.5310734463276836,0.9096045197740112,3,10,20
2022-10-21,215,1.9302325581395352,5.823255813953487,0.5302325581395348,1.0558139534883721,4,10,21
2022-10-22,210,1.4047619047619047,5.552380952380953,0.5666666666666667,1.0952380952380953,5,10,22
2022-10-23,246,1.0162601626016259,5.532520325203253,0.5609756097560975,0.983739837398374,6,10,23
2022-10-24,185,1.4054054054054055,5.540540540540542,0.5891891891891892,1.037837837837838,0,10,24
2022-10-25,157,1.0509554140127388,5.54140127388535,0.5414012738853503,0.89171974522293,1,10,25
2022-10-26,145,1.0758620689655172,5.372413793103448,0.5517241379310345,1.096551724137931,2,10,26
2022-10-27,154,1.3311688311688312,5.772727272727272,0.551948051948052,1.2142857142857144,3,10,27
2022-10-28,194,1.6958762886597938,5.680412371134022,0.5721649484536082,1.041237113402062,4,10,28
2022-10-29,238,1.4327731092436973,5.428571428571429,0.5378151260504201,1.1176470588235294,5,10,29
2022-10-30,256,1.734375,5.55859375,0.4765625,1.0625,6,10,30
2022-10-31,181,2.1988950276243093,5.7016574585635365,0.569060773480663,1.0386740331491713,0,10,31
2022-11-01,117,2.1794871794871797,5.111111111111111,0.547008547008547,1.0256410256410258,1,11,1
2022-11-02,115,2.0869565217391304,5.521739130434782,0.4782608695652174,1.1043478260869564,2,11,2
2022-11-03,150,1.6933333333333334,5.573333333333333,0.5,0.9533333333333334,3,11,3
2022-11-04,201,1.4825870646766168,5.835820895522388,0.5074626865671642,0.9751243781094527,4,11,4
2022-11-05,183,0.9453551912568305,5.371584699453551,0.5573770491803279,1.1202185792349728,5,11,5
2022-11-06,175,1.3942857142857141,5.531428571428571,0.5428571428571428,1.2000000000000002,6,11,6
2022-11-07,165,1.2969696969696969,5.521212121212121,0.5515151515151515,1.0787878787878789,0,11,7
2022-11-08,149,1.4161073825503356,5.61744966442953,0.5234899328859061,1.0,1,11,8
2022-11-09,160,1.04375,5.525,0.55625,1.1,2,11,9
2022-11-10,143,0.9999999999999999,5.573426573426574,0.5174825174825175,1.020979020979021,3,11,10
2022-11-11,215,1.8372093023255813,5.632558139534884,0.5488372093023256,1.0930232558139534,4,11,11
2022-11-12,226,1.3849557522123894,5.6415929203539825,0.4911504424778761,1.079646017699115,5,11,12
2022-11-13,238,1.453781512605042,5.554621848739496,0.5588235294117647,1.092436974789916,6,11,13
2022-11-14,193,1.854922279792746,5.533678756476683,0.5492227979274611,0.9896373056994818,0,11,14
2022-11-15,207,1.2415458937198067,5.647342995169082,0.5458937198067634,0.9227053140096618,1,11,15
2022-11-16,172,1.290697674418605,5.598837209302325,0.5116279069767442,1.005813953488372,2,11,16
2022-11-17,153,1.581699346405229,5.8692810457516345,0.6535947712418301,1.0522875816993464,3,11,17
2022-11-18,216,1.0046296296296295,5.6805555555555545,0.5370370370370371,1.0787037037037037,4,11,18
2022-11-19,184,0.9782608695652173,5.864130434782609,0.5434782608695652,1.0760869565217392,5,11,19
2022-11-20,157,0.8471337579617835,5.503184713375797,0.5923566878980892,1.0,6,11,20
2022-11-21,147,0.8707482993197279,5.673469387755103,0.5102040816326531,0.9931972789115646,0,11,21
2022-11-22,137,1.5766423357664237,5.810218978102189,0.5328467153284672,1.0,1,11,22
2022-11-23,136,1.2573529411764706,5.49264705882353,0.4632352941176471,1.1691176470588234,2,11,23
2022-11-24,149,1.4093959731543624,5.879194630872484,0.4697986577181208,1.0,3,11,24
2022-11-25,184,1.3097826086956523,5.614130434782607,0.5760869565217391,1.1576086956521738,4,11,25
2022-11-26,219,2.0319634703196345,5.506849315068494,0.5753424657534246,1.1050228310502284,5,11,26
2022-11-27,218,2.0,5.224770642201834,0.5779816513761468,1.1743119266055047,6,11,27
2022-11-28,188,2.6063829787234045,5.420212765957447,0.4893617021276596,1.0851063829787233,0,11,28
2022-11-29,177,2.514124293785311,5.401129943502824,0.6045197740112994,0.9774011299435028,1,11,29
2022-11-30,148,2.2837837837837838,5.614864864864864,0.5675675675675675,1.0810810810810811,2,11,30
2022-12-01,136,1.9411764705882353,5.470588235294118,0.5441176470588235,1.1838235294117647,3,12,1
2022-12-02,233,2.090128755364807,5.386266094420602,0.5665236051502146,1.0128755364806867,4,12,2
2022-12-03,235,2.0808510638297872,5.587234042553192,0.5914893617021276,1.0723404255319149,5,12,3
2022-12-04,182,2.0384615384615388,5.615384615384616,0.532967032967033,0.945054945054945,6,12,4
2022-12-05,173,2.121387283236994,5.502890173410404,0.5838150289017341,1.138728323699422,0,12,5
2022-12-06,160,2.0124999999999997,5.3812500000000005,0.55625,1.0999999999999999,1,12,6
2022-12-07,173,1.722543352601156,5.728323699421965,0.47398843930635837,0.9132947976878613,2,12,7
2022-12-08,173,1.0173410404624277,5.7687861271676315,0.5144508670520231,1.1445086705202312,3,12,8
2022-12-09,193,0.932642487046632,5.590673575129534,0.5751295336787565,1.0569948186528497,4,12,9
2022-12-10,211,1.2085308056872037,5.459715639810426,0.5071090047393365,1.052132701421801,5,12,10
2022-12-11,215,1.4372093023255814,5.427906976744187,0.5023255813953489,1.1255813953488372,6,12,11
2022-12-12,168,1.511904761904762,5.488095238095238,0.5892857142857143,0.9702380952380952,0,12,12
2022-12-13,152,2.1578947368421053,5.499999999999999,0.47368421052631576,1.0855263157894737,1,12,13
2022-12-14,141,1.1276595744680853,5.73758865248227,0.5673758865248227,0.9858156028368794,2,12,14
2022-12-15,171,1.1345029239766082,5.578947368421053,0.5730994152046783,0.9824561403508771,3,12,15
2022-12-16,190,1.5315789473684212,5.721052631578948,0.5631578947368421,1.0842105263157895,4,12,16
2022-12-17,259,1.5212355212355213,5.737451737451737,0.5598455598455598,1.111969111969112,5,12,17
2022-12-18,221,2.0678733031674206,5.398190045248867,0.5429864253393665,1.1266968325791855,6,12,18
2022-12-19,163,2.668711656441718,5.349693251533742,0.5030674846625767,1.0061349693251533,0,12,19
2022-12-20,188,2.5319148936170217,5.547872340425531,0.526595744680851,0.9893617021276595,1,12,20
2022-12-21,192,2.1302083333333335,5.401041666666667,0.53125,1.0572916666666667,2,12,21
2022-12-22,197,1.7969543147208122,5.588832487309644,0.5228426395939086,1.116751269035533,3,12,22
2022-12-23,259,1.3320463320463318,5.428571428571428,0.5405405405405406,1.1544401544401546,4,12,23
2022-12-24,196,1.7295918367346936,5.403061224489795,0.5510204081632654,1.295918367346939,5,12,24
2022-12-25,204,1.7009803921568625,5.303921568627451,0.5441176470588235,1.200980392156863,6,12,25
2022-12-26,198,2.4545454545454546,5.525252525252526,0.5858585858585859,0.9696969696969697,0,12,26
2022-12-27,176,1.5909090909090908,5.380681818181817,0.5284090909090909,1.0397727272727273,1,12,27
2022-12-28,146,2.0753424657534243,5.486301369863013,0.4794520547945205,1.0410958904109588,2,12,28
2022-12-29,170,1.811764705882353,5.411764705882353,0.5823529411764706,0.9705882352941176,3,12,29
2022-12-30,179,1.8044692737430168,5.329608938547486,0.5083798882681564,1.1620111731843576,4,12,30
2022-12-31,168,1.4404761904761907,5.357142857142858,0.47023809523809523,1.0119047619047619,5,12,31
2023-01-01,207,1.3671497584541064,5.3768115942028984,0.5458937198067633,1.0628019323671498,6,1,1
2023-01-02,188,1.930851063829787,5.372340425531914,0.5531914893617021,1.0585106382978724,0,1,2
2023-01-03,172,1.8488372093023255,5.430232558139535,0.5,1.0755813953488373,1,1,3
2023-01-04,168,2.357142857142857,5.5059523809523805,0.5535714285714285,1.0416666666666667,2,1,4
2023-01-05,148,2.25,5.472972972972973,0.5878378378378378,1.0337837837837838,3,1,5
2023-01-06,147,2.2517006802721085,5.523809523809524,0.564625850340136,1.0884353741496597,4,1,6
2023-01-07,186,1.623655913978495,5.403225806451612,0.553763440860215,1.172043010752688,5,1,7
2023-01-08,206,2.08252427184466,5.427184466019417,0.5679611650485437,1.0631067961165048,6,1,8
2023-01-09,189,1.804232804232804,5.544973544973545,0.5978835978835979,0.9788359788359788,0,1,9
2023-01-10,126,1.6984126984126982,5.404761904761905,0.5396825396825397,1.0793650793650793,1,1,10
2023-01-11,139,1.5683453237410074,5.496402877697841,0.4676258992805755,0.9856115107913669,2,1,11
2023-01-12,162,1.4197530864197534,5.345679012345677,0.537037037037037,1.1111111111111112,3,1,12
2023-01-13,190,1.7368421052631577,5.621052631578948,0.5789473684210525,1.0157894736842106,4,1,13
2023-01-14,189,1.761904761904762,5.206349206349206,0.5291005291005291,0.9735449735449735,5,1,14
2023-01-15,205,1.526829268292683,5.4195121951219525,0.5365853658536586,1.1463414634146343,6,1,15
2023-01-16,160,1.36875,5.331249999999999,0.5125,1.29375,0,1,16
2023-01-17,149,1.6644295302013419,5.422818791946308,0.5637583892617449,1.1006711409395975,1,1,17
2023-01-18,132,1.9015151515151514,5.348484848484849,0.5303030303030303,1.0227272727272727,2,1,18
2023-01-19,156,1.3205128205128205,5.365384615384615,0.5448717948717948,1.0512820512820513,3,1,19
2023-01-20,203,2.083743842364532,5.507389162561575,0.5714285714285714,0.9704433497536945,4,1,20
2023-01-21,183,1.737704918032787,5.142076502732239,0.6120218579234973,1.2295081967213113,5,1,21
2023-01-22,181,1.6132596685082874,5.519337016574586,0.5138121546961326,1.0828729281767955,6,1,22
2023-01-23,141,1.6524822695035462,5.453900709219859,0.5390070921985816,1.1205673758865247,0,1,23
2023-01-24,126,1.7698412698412698,5.166666666666668,0.5555555555555556,1.0,1,1,24
2023-01-25,153,1.5751633986928102,5.431372549019608,0.5555555555555556,1.0522875816993464,2,1,25
2023-01-26,162,2.018518518518518,5.592592592592591,0.5617283950617284,1.0493827160493827,3,1,26
2023-01-27,170,1.2999999999999998,5.676470588235294,0.5705882352941176,1.1294117647058823,4,1,27
2023-01-28,196,1.3163265306122447,5.311224489795918,0.5408163265306123,1.1785714285714284,5,1,28
2023-01-29,206,1.7718446601941746,5.3203883495145625,0.5922330097087378,1.0388349514563107,6,1,29
2023-01-30,160,1.6437499999999998,5.38125,0.5875,1.1187500000000001,0,1,30
2023-01-31,149,1.563758389261745,5.322147651006711,0.5436241610738255,1.0738255033557047,1,1,31
2023-02-01,115,1.0869565217391304,5.608695652173913,0.6434782608695652,1.0434782608695652,2,2,1
2023-02-02,162,1.765432098765432,5.493827160493828,0.5802469135802469,1.1049382716049383,3,2,2
2023-02-03,176,1.9772727272727275,5.52840909090909,0.5056818181818182,1.0738636363636362,4,2,3
2023-02-04,226,1.4690265486725662,5.65929203539823,0.5353982300884956,1.1681415929203538,5,2,4
2023-02-05,190,1.4894736842105263,5.563157894736841,0.4368421052631579,1.1473684210526316,6,2,5
2023-02-06,169,2.011834319526627,5.485207100591716,0.5857988165680473,1.0828402366863905,0,2,6
2023-02-07,139,1.3021582733812949,5.618705035971222,0.5755395683453237,1.0431654676258992,1,2,7
2023-02-08,145,1.1448275862068966,5.579310344827586,0.593103448275862,0.9793103448275862,2,2,8
2023-02-09,157,1.4458598726114649,5.649681528662421,0.5796178343949044,1.0445859872611465,3,2,9
2023-02-10,173,1.7225433526011562,5.965317919075145,0.5780346820809248,1.1676300578034682,4,2,10
2023-02-11,218,1.5688073394495416,5.6192660550458715,0.5596330275229358,1.0275229357798166,5,2,11
2023-02-12,209,1.1483253588516749,5.344497607655502,0.5789473684210527,1.2392344497607657,6,2,12
2023-02-13,172,1.4534883720930232,5.633720930232559,0.5348837209302325,0.9534883720930233,0,2,13
2023-02-14,139,1.7338129496402879,5.115107913669065,0.5827338129496403,1.129496402877698,1,2,14
2023-02-15,150,1.86,5.206666666666667,0.5333333333333333,0.9333333333333333,2,2,15
2023-02-16,155,2.0580645161290323,5.374193548387097,0.5483870967741935,1.0838709677419354,3,2,16
2023-02-17,199,2.14070351758794,5.331658291457287,0.577889447236181,0.9849246231155779,4,2,17
2023-02-18,233,1.6866952789699572,5.4935622317596575,0.5278969957081545,1.1759656652360515,5,2,18
2023-02-19,220,1.6909090909090911,5.413636363636364,0.5454545454545454,1.1045454545454545,6,2,19
2023-02-20,150,2.353333333333333,5.619999999999999,0.5133333333333333,0.9400000000000001,0,2,20
2023-02-21,135,2.2518518518518515,5.022222222222221,0.5925925925925926,1.0148148148148148,1,2,21
2023-02-22,175,1.8914285714285715,5.154285714285714,0.5657142857142857,0.9714285714285714,2,2,22
2023-02-23,135,2.081481481481482,5.303703703703703,0.5925925925925926,0.9777777777777777,3,2,23
2023-02-24,153,1.4052287581699348,5.594771241830066,0.5424836601307189,1.1633986928104576,4,2,24
2023-02-25,141,1.0921985815602837,5.219858156028369,0.524822695035461,1.0921985815602835,5,2,25
2023-02-26,185,1.2324324324324327,5.405405405405404,0.5297297297297298,1.1027027027027028,6,2,26
2023-02-27,154,1.0779220779220777,5.7727272727272725,0.525974025974026,1.077922077922078,0,2,27
2023-02-28,173,1.2890173410404624,5.61849710982659,0.5144508670520231,1.0578034682080926,1,2,28
2023-03-01,129,1.6046511627906976,5.2558139534883725,0.6046511627906976,1.1007751937984496,2,3,1
2023-03-02,169,1.8224852071005917,5.307692307692308,0.5088757396449705,1.1834319526627217,3,3,2
2023-03-03,194,1.5979381443298968,5.5618556701030935,0.5154639175257731,1.0515463917525774,4,3,3
2023-03-04,205,1.7024390243902439,5.517073170731708,0.5658536585365854,1.0439024390243903,5,3,4
2023-03-05,210,1.2285714285714286,5.519047619047619,0.46190476190476193,1.0666666666666667,6,3,5
2023-03-06,159,1.559748427672956,5.389937106918239,0.5157232704402516,1.0440251572327044,0,3,6
2023-03-07,160,1.4749999999999999,5.38125,0.54375,1.14375,1,3,7
2023-03-08,161,1.4161490683229814,5.6397515527950315,0.5527950310559007,1.1614906832298137,2,3,8
2023-03-09,171,1.1461988304093567,5.280701754385965,0.5380116959064327,1.0584795321637426,3,3,9
2023-03-10,190,1.5157894736842108,5.3578947368421055,0.5842105263157895,1.0263157894736843,4,3,10
2023-03-11,203,1.7389162561576357,5.236453201970443,0.5467980295566502,1.1083743842364533,5,3,11
2023-03-12,230,1.9130434782608698,5.239130434782608,0.5434782608695652,1.117391304347826,6,3,12
2023-03-13,168,1.6845238095238095,5.535714285714285,0.5357142857142857,1.0595238095238095,0,3,13
2023-03-14,153,2.052287581699346,5.640522875816994,0.477124183006536,1.0588235294117647,1,3,14
2023-03-15,173,1.8901734104046244,5.595375722543353,0.5086705202312138,1.1040462427745665,2,3,15
2023-03-16,157,1.1592356687898089,5.414012738853503,0.5222929936305732,0.9490445859872612,3,3,16
2023-03-17,195,1.5333333333333332,5.5435897435897425,0.5128205128205128,1.0102564102564102,4,3,17
2023-03-18,226,1.4734513274336285,5.367256637168141,0.5663716814159292,1.2212389380530972,5,3,18
2023-03-19,216,1.222222222222222,5.555555555555556,0.5648148148148149,1.2731481481481481,6,3,19
2023-03-20,199,1.4522613065326633,5.527638190954774,0.5678391959798995,1.0804020100502512,0,3,20
2023-03-21,165,1.4545454545454544,5.66060606060606,0.5515151515151515,1.0606060606060606,1,3,21
2023-03-22,168,1.125,5.589285714285714,0.6130952380952381,1.0535714285714286,2,3,22
2023-03-23,152,1.243421052631579,5.171052631578947,0.5328947368421053,1.013157894736842,3,3,23
2023-03-24,181,1.0662983425414363,5.414364640883977,0.5966850828729282,1.0386740331491713,4,3,24
2023-03-25,204,0.9754901960784313,5.387254901960784,0.4950980392156863,1.2892156862745097,5,3,25
2023-03-26,205,1.0097560975609756,5.580487804878049,0.5463414634146342,1.1707317073170733,6,3,26
2023-03-27,180,1.4333333333333333,5.444444444444445,0.5166666666666667,0.9944444444444445,0,3,27
2023-03-28,156,1.2435897435897436,5.621794871794871,0.5448717948717949,0.967948717948718,1,3,28
2023-03-29,151,1.3774834437086092,5.4304635761589415,0.543046357615894,1.1655629139072847,2,3,29
2023-03-30,154,1.2792207792207793,5.896103896103897,0.551948051948052,1.1298701298701297,3,3,30
2023-03-31,206,1.1650485436893203,5.543689320388348,0.6213592233009708,1.1407766990291262,4,3,31
2023-04-01,220,1.354545454545455,5.3909090909090915,0.4954545454545455,1.0909090909090908,5,4,1
2023-04-02,213,0.9342723004694836,5.323943661971831,0.49295774647887325,1.1502347417840375,6,4,2
2023-04-03,153,1.026143790849673,5.69281045751634,0.5816993464052288,0.9542483660130718,0,4,3
2023-04-04,152,1.019736842105263,5.322368421052632,0.5328947368421053,1.0460526315789473,1,4,4
2023-04-05,166,1.2951807228915664,5.355421686746988,0.5180722891566265,0.9518072289156626,2,4,5
2023-04-06,209,1.8851674641148326,5.669856459330143,0.5645933014354066,1.0047846889952152,3,4,6
2023-04-07,217,2.91705069124424,5.161290322580646,0.5668202764976958,1.0460829493087558,4,4,7
2023-04-08,173,2.5144508670520227,5.312138728323699,0.48554913294797686,1.092485549132948,5,4,8
2023-04-09,220,1.8909090909090909,5.245454545454545,0.5045454545454545,1.031818181818182,6,4,9
2023-04-10,194,1.1804123711340202,5.469072164948453,0.5721649484536082,0.9690721649484536,0,4,10
2023-04-11,145,1.3379310344827586,5.50344827586207,0.6068965517241379,1.0758620689655172,1,4,11
2023-04-12,150,1.186666666666667,5.5200000000000005,0.5733333333333334,0.98,2,4,12
2023-04-13,141,1.226950354609929,5.524822695035461,0.5460992907801419,1.0425531914893618,3,4,13
2023-04-14,204,2.519607843137255,5.2598039215686265,0.5245098039215687,0.9411764705882353,4,4,14
2023-04-15,180,1.5666666666666667,5.394444444444444,0.5222222222222223,1.1833333333333333,5,4,15
2023-04-16,208,1.7740384615384615,5.427884615384615,0.5144230769230769,1.0721153846153846,6,4,16
2023-04-17,204,1.7892156862745094,5.4607843137254894,0.5441176470588235,0.9950980392156863,0,4,17
2023-04-18,148,2.1824324324324325,5.493243243243243,0.5405405405405406,1.0675675675675675,1,4,18
2023-04-19,169,1.5384615384615385,5.331360946745561,0.57396449704142,1.0059171597633136,2,4,19
2023-04-20,224,1.03125,5.5982142857142865,0.5580357142857143,1.125,3,4,20
2023-04-21,196,0.9540816326530612,5.229591836734694,0.5153061224489796,1.173469387755102,4,4,21
2023-04-22,163,1.2208588957055215,5.257668711656441,0.5521472392638037,1.2085889570552146,5,4,22
2023-04-23,200,1.1300000000000001,5.430000000000001,0.57,1.03,6,4,23
2023-04-24,190,0.9473684210526315,5.468421052631578,0.5105263157894737,0.9736842105263158,0,4,24
2023-04-25,176,1.4886363636363635,5.420454545454545,0.5227272727272727,1.0284090909090908,1,4,25
2023-04-26,170,1.411764705882353,5.458823529411764,0.5823529411764706,1.0411764705882354,2,4,26
2023-04-27,169,1.2248520710059172,5.544378698224851,0.485207100591716,1.0946745562130178,3,4,27
2023-04-28,237,1.468354430379747,5.476793248945148,0.510548523206751,1.0464135021097047,4,4,28
2023-04-29,219,1.1552511415525113,5.200913242009133,0.6118721461187214,1.1415525114155252,5,4,29
2023-04-30,192,1.0989583333333333,5.505208333333333,0.5625,1.09375,6,4,30
2023-05-01,210,1.1238095238095238,5.580952380952381,0.5380952380952381,1.0761904761904761,0,5,1
2023-05-02,162,1.5123456790123455,5.469135802469136,0.5925925925925926,1.1666666666666665,1,5,2
2023-05-03,155,1.3999999999999997,5.541935483870968,0.5032258064516129,1.0580645161290323,2,5,3
2023-05-04,150,1.653333333333333,5.546666666666667,0.5933333333333333,1.0866666666666667,3,5,4
2023-05-05,193,1.5854922279792745,5.683937823834196,0.5595854922279793,1.0207253886010361,4,5,5
2023-05-06,219,1.0365296803652968,5.4200913242009126,0.5844748858447488,1.141552511415525,5,5,6
2023-05-07,166,0.9578313253012047,5.789156626506023,0.5662650602409639,1.174698795180723,6,5,7
2023-05-08,195,0.8564102564102565,5.482051282051282,0.5641025641025641,1.0307692307692309,0,5,8
2023-05-09,147,0.7755102040816326,5.795918367346939,0.564625850340136,1.0068027210884354,1,5,9
2023-05-10,150,1.2133333333333334,5.460000000000001,0.5866666666666667,1.0866666666666667,2,5,10
2023-05-11,194,0.7886597938144331,5.592783505154639,0.5515463917525774,1.1082474226804124,3,5,11
2023-05-12,184,0.7119565217391305,5.554347826086956,0.5380434782608695,1.0054347826086958,4,5,12
2023-05-13,240,0.8583333333333334,5.4541666666666675,0.5166666666666667,1.1208333333333333,5,5,13
2023-05-14,240,0.8041666666666667,5.445833333333333,0.55,1.1166666666666667,6,5,14
2023-05-15,161,0.8074534161490683,5.919254658385093,0.5527950310559007,1.0124223602484472,0,5,15
2023-05-16,146,0.7534246575342465,5.602739726027398,0.5410958904109588,1.0684931506849313,1,5,16
2023-05-17,138,1.13768115942029,5.478260869565218,0.5434782608695652,0.9347826086956522,2,5,17
2023-05-18,174,1.339080459770115,5.442528735632184,0.5114942528735632,1.0689655172413794,3,5,18
2023-05-19,198,1.0505050505050504,5.8434343434343425,0.5606060606060606,1.0858585858585859,4,5,19
2023-05-20,218,0.6055045871559634,5.545871559633028,0.5550458715596329,1.0229357798165137,5,5,20
2023-05-21,207,1.0,5.458937198067633,0.5024154589371981,1.1400966183574879,6,5,21
2023-05-22,161,1.1304347826086956,5.540372670807453,0.45962732919254656,1.0,0,5,22
2023-05-23,147,1.2040816326530612,5.564625850340136,0.54421768707483,0.9659863945578231,1,5,23
2023-05-24,159,0.9685534591194969,5.150943396226416,0.5094339622641509,1.119496855345912,2,5,24
2023-05-25,179,1.0223463687150838,5.441340782122905,0.5865921787709497,0.9385474860335197,3,5,25
2023-05-26,204,1.1176470588235294,5.720588235294117,0.5735294117647058,1.0637254901960784,4,5,26
2023-05-27,230,1.5043478260869565,5.334782608695653,0.5347826086956522,1.1347826086956523,5,5,27
2023-05-28,212,1.7075471698113207,5.212264150943396,0.47641509433962265,1.0235849056603774,6,5,28
2023-05-29,168,1.5059523809523807,5.220238095238094,0.5892857142857143,0.9464285714285715,0,5,29
2023-05-30,153,1.2679738562091503,5.379084967320261,0.48366013071895425,0.9019607843137255,1,5,30
2023-05-31,167,1.9401197604790419,5.574850299401197,0.5449101796407185,1.125748502994012,2,5,31
2023-06-01,178,0.9213483146067415,5.679775280898875,0.5674157303370787,1.0674157303370786,3,6,1
2023-06-02,196,0.9846938775510203,5.591836734693878,0.5663265306122449,1.0714285714285714,4,6,2
2023-06-03,230,0.991304347826087,5.547826086956522,0.5304347826086957,1.2869565217391306,5,6,3
2023-06-04,195,0.6666666666666667,5.364102564102565,0.6205128205128205,1.1641025641025642,6,6,4
2023-06-05,185,1.0648648648648646,5.627027027027028,0.5459459459459459,1.1513513513513514,0,6,5
2023-06-06,153,1.0196078431372548,5.450980392156862,0.5620915032679739,1.0849673202614378,1,6,6
2023-06-07,199,0.7135678391959799,5.869346733668343,0.5678391959798995,1.0954773869346732,2,6,7
2023-06-08,204,1.1176470588235294,5.51470588235294,0.5392156862745098,1.053921568627451,3,6,8
2023-06-09,179,0.9608938547486033,5.446927374301676,0.5586592178770949,1.0726256983240223,4,6,9
2023-06-10,204,1.0049019607843137,5.53921568627451,0.5392156862745098,1.2598039215686274,5,6,10
2023-06-11,251,1.9083665338645412,5.306772908366533,0.5258964143426295,1.2390438247011952,6,6,11
2023-06-12,195,2.046153846153846,5.266666666666666,0.5333333333333333,1.0102564102564102,0,6,12
2023-06-13,162,1.9444444444444444,5.351851851851851,0.5,0.8888888888888888,1,6,13
2023-06-14,171,2.8304093567251463,5.485380116959064,0.5146198830409356,0.9707602339181286,2,6,14
2023-06-15,165,2.6666666666666665,5.333333333333333,0.5575757575757576,0.9818181818181818,3,6,15
2023-06-16,205,1.024390243902439,5.75609756097561,0.5317073170731708,1.0390243902439025,4,6,16
2023-06-17,215,0.9069767441860466,5.6465116279069765,0.5395348837209302,1.1674418604651164,5,6,17
2023-06-18,221,0.995475113122172,5.330316742081448,0.5113122171945701,1.1357466063348416,6,6,18
2023-06-19,171,1.4444444444444442,5.590643274853802,0.5146198830409356,1.0058479532163742,0,6,19
2023-06-20,165,0.7333333333333334,5.339393939393939,0.5515151515151515,1.0303030303030303,1,6,20
2023-06-21,186,1.4569892473118278,5.322580645161289,0.521505376344086,1.1666666666666665,2,6,21
2023-06-22,165,1.187878787878788,5.363636363636363,0.5515151515151515,1.1272727272727272,3,6,22
2023-06-23,218,1.706422018348624,5.275229357798165,0.573394495412844,1.0917431192660552,4,6,23
2023-06-24,227,0.894273127753304,5.577092511013216,0.4889867841409692,1.026431718061674,5,6,24
2023-06-25,194,0.7061855670103092,5.1340206185567,0.5618556701030928,1.0721649484536082,6,6,25
2023-06-26,174,1.0229885057471264,5.683908045977011,0.6206896551724138,1.132183908045977,0,6,26
2023-06-27,173,1.3005780346820808,5.901734104046242,0.5317919075144508,1.0346820809248554,1,6,27
2023-06-28,167,1.1736526946107784,5.868263473053891,0.47904191616766467,1.1077844311377247,2,6,28
2023-06-29,189,1.3703703703703702,5.232804232804233,0.5343915343915344,1.1216931216931216,3,6,29
2023-06-30,188,0.9255319148936171,5.393617021276596,0.5585106382978723,1.0531914893617023,4,6,30
2023-07-01,248,1.1935483870967742,5.270161290322581,0.5241935483870968,1.2056451612903225,5,7,1
2023-07-02,216,1.037037037037037,5.138888888888889,0.5740740740740741,1.1203703703703705,6,7,2
2023-07-03,181,1.0828729281767955,5.50828729281768,0.6132596685082873,1.12707182320442,0,7,3
2023-07-04,152,0.8157894736842105,5.519736842105264,0.5592105263157895,1.1513157894736843,1,7,4
2023-07-05,171,1.0292397660818713,5.678362573099413,0.49707602339181284,1.0,2,7,5
2023-07-06,175,0.8571428571428571,5.245714285714285,0.48571428571428577,1.0285714285714287,3,7,6
2023-07-07,221,1.2714932126696832,5.556561085972851,0.5701357466063348,1.0633484162895928,4,7,7
2023-07-08,231,1.4632034632034632,5.536796536796536,0.5714285714285714,1.1904761904761905,5,7,8
2023-07-09,227,1.2863436123348018,5.2334801762114544,0.5903083700440529,1.1938325991189427,6,7,9
2023-07-10,171,1.6842105263157894,5.128654970760234,0.5789473684210527,1.0935672514619883,0,7,10
2023-07-11,163,1.2638036809815951,5.619631901840491,0.6012269938650306,1.2453987730061349,1,7,11
2023-07-12,171,1.8654970760233915,5.713450292397662,0.5321637426900585,1.2105263157894737,2,7,12
2023-07-13,173,1.404624277456647,5.76300578034682,0.48554913294797686,1.0751445086705202,3,7,13
2023-07-14,210,1.2714285714285716,5.433333333333333,0.5523809523809524,1.0047619047619047,4,7,14
2023-07-15,201,0.6815920398009949,5.3731343283582085,0.5572139303482587,1.2587064676616915,5,7,15
2023-07-16,221,0.8778280542986425,5.303167420814479,0.5203619909502263,1.2669683257918551,6,7,16
2023-07-17,178,1.0393258426966292,5.455056179775282,0.5168539325842697,1.0168539325842696,0,7,17
2023-07-18,155,1.3225806451612903,5.670967741935484,0.5483870967741936,1.0451612903225806,1,7,18
2023-07-19,147,1.3129251700680273,5.3809523809523805,0.5510204081632653,1.183673469387755,2,7,19
2023-07-20,148,1.6554054054054057,5.5472972972972965,0.5067567567567568,1.1081081081081081,3,7,20
2023-07-21,202,1.1782178217821784,5.613861386138614,0.5297029702970297,1.113861386138614,4,7,21
2023-07-22,215,1.1255813953488372,5.823255813953488,0.586046511627907,1.130232558139535,5,7,22
2023-07-23,257,0.9922178988326849,5.455252918287938,0.5758754863813229,1.171206225680934,6,7,23
2023-07-24,181,1.4530386740331491,5.370165745856354,0.46408839779005523,1.0552486187845305,0,7,24
2023-07-25,169,0.9881656804733728,5.331360946745563,0.6094674556213018,1.136094674556213,1,7,25
2023-07-26,170,1.0,5.488235294117646,0.5352941176470588,1.1529411764705881,2,7,26
2023-07-27,173,0.8901734104046243,5.699421965317919,0.5202312138728323,1.0,3,7,27
2023-07-28,210,1.3571428571428572,5.71904761904762,0.5619047619047619,0.9047619047619048,4,7,28
2023-07-29,227,1.1277533039647578,5.54625550660793,0.5859030837004405,1.1145374449339207,5,7,29
2023-07-30,212,0.5849056603773585,5.377358490566038,0.5849056603773585,1.1886792452830188,6,7,30
2023-07-31,171,0.5964912280701754,5.198830409356725,0.5263157894736842,1.0350877192982455,0,7,31
2023-08-01,171,0.8187134502923976,5.508771929824562,0.5614035087719298,1.192982456140351,1,8,1
2023-08-02,155,0.9483870967741934,5.658064516129033,0.49032258064516127,1.0580645161290323,2,8,2
2023-08-03,166,1.0963855421686746,5.487951807228915,0.536144578313253,1.0602409638554218,3,8,3
2023-08-04,185,1.0486486486486486,5.583783783783784,0.518918918918919,1.0486486486486486,4,8,4
2023-08-05,207,0.6956521739130435,5.294685990338165,0.5265700483091788,1.183574879227053,5,8,5
2023-08-06,224,0.6696428571428571,5.642857142857142,0.5491071428571429,1.0982142857142856,6,8,6
2023-08-07,167,1.6107784431137724,5.365269461077844,0.6047904191616766,1.0778443113772456,0,8,7
2023-08-08,172,1.5988372093023258,5.215116279069767,0.5232558139534884,0.9767441860465116,1,8,8
2023-08-09,165,1.9272727272727268,5.63030303030303,0.5272727272727272,1.0727272727272728,2,8,9
2023-08-10,160,0.9875,5.7124999999999995,0.4625,0.9812500000000001,3,8,10
2023-08-11,228,1.1798245614035086,5.372807017543859,0.5526315789473685,1.223684210526316,4,8,11
2023-08-12,227,1.2202643171806167,5.295154185022026,0.5066079295154186,1.0572687224669604,5,8,12
2023-08-13,212,1.1650943396226414,5.410377358490567,0.5471698113207547,1.2028301886792454,6,8,13
2023-08-14,175,1.405714285714286,5.365714285714285,0.5371428571428571,1.1885714285714286,0,8,14
2023-08-15,159,0.9182389937106917,5.566037735849056,0.5220125786163522,1.0754716981132075,1,8,15
2023-08-16,155,1.1096774193548389,5.651612903225805,0.5161290322580645,1.1483870967741936,2,8,16
2023-08-17,143,0.9650349650349651,5.37062937062937,0.6573426573426573,1.1748251748251748,3,8,17
2023-08-18,229,1.611353711790393,5.720524017467249,0.5502183406113537,0.965065502183406,4,8,18
2023-08-19,198,1.1565656565656566,5.479797979797979,0.5757575757575758,1.1616161616161615,5,8,19
2023-08-20,199,1.306532663316583,5.562814070351759,0.592964824120603,1.0552763819095479,6,8,20
2023-08-21,141,0.9148936170212766,5.453900709219858,0.6666666666666666,0.9929078014184397,0,8,21
2023-08-22,154,1.1233766233766234,5.603896103896103,0.5324675324675324,1.103896103896104,1,8,22
2023-08-23,148,1.283783783783784,5.628378378378379,0.5405405405405406,1.0945945945945947,2,8,23
2023-08-24,190,0.7421052631578947,5.642105263157894,0.49473684210526314,0.9894736842105264,3,8,24
2023-08-25,182,1.4725274725274724,5.208791208791208,0.6318681318681318,1.0164835164835164,4,8,25
2023-08-26,221,1.8642533936651584,5.1628959276018085,0.5203619909502262,1.1085972850678734,5,8,26
2023-08-27,206,2.3592233009708736,5.043689320388348,0.49514563106796117,1.0776699029126213,6,8,27
2023-08-28,171,1.7134502923976607,5.070175438596491,0.5497076023391813,1.1228070175438596,0,8,28
2023-08-29,138,1.1449275362318843,5.630434782608696,0.5507246376811594,0.9347826086956522,1,8,29
2023-08-30,143,1.174825174825175,5.405594405594404,0.4825174825174825,1.2167832167832169,2,8,30
2023-08-31,156,0.9294871794871796,5.717948717948717,0.6089743589743589,1.096153846153846,3,8,31
